Kerala,"['2020-02-02', '2020-02-03', '2020-02-04', '2020-02-05', '2020-02-06', '2020-02-07', '2020-02-08', '2020-02-09', '2020-02-10', '2020-02-11', '2020-02-12', '2020-02-13', '2020-02-14', '2020-02-15', '2020-02-16', '2020-02-17', '2020-02-18', '2020-02-19', '2020-02-20', '2020-02-21', '2020-02-22', '2020-02-23', '2020-02-24', '2020-02-25', '2020-02-26', '2020-02-27', '2020-02-28', '2020-02-29', '2020-03-01', '2020-03-02', '2020-03-03', '2020-03-04', '2020-03-05', '2020-03-06', '2020-03-07', '2020-03-08', '2020-03-09', '2020-03-10', '2020-03-11', '2020-03-12', '2020-03-13', '2020-03-14', '2020-03-15', '2020-03-16', '2020-03-17', '2020-03-18', '2020-03-19', '2020-03-20', '2020-03-21', '2020-03-22', '2020-03-23', '2020-03-24', '2020-03-25', '2020-03-26', '2020-03-27', '2020-03-28', '2020-03-29', '2020-03-30', '2020-03-31', '2020-04-01', '2020-04-02', '2020-04-03', '2020-04-04', '2020-04-05', '2020-04-06', '2020-04-07', '2020-04-08', '2020-04-09', '2020-04-10', '2020-04-11', '2020-04-12', '2020-04-13', '2020-04-14', '2020-04-15', '2020-04-16', '2020-04-17', '2020-04-18', '2020-04-19', '2020-04-20', '2020-04-21', '2020-04-22', '2020-04-23', '2020-04-24', '2020-04-25', '2020-04-26', '2020-04-27', '2020-04-28', '2020-04-29', '2020-04-30', '2020-05-01', '2020-05-02', '2020-05-03', '2020-05-04', '2020-05-05', '2020-05-06', '2020-05-07', '2020-05-08', '2020-05-09', '2020-05-10', '2020-05-11', '2020-05-12']","[2.5673801242069718, 2.3742174229803186, 2.0041459809139441, 1.7313351827399881, 1.7313351827399881, 1.7313351827399881, 1.7313351827399881, 1.7313351827399881, 1.7313351827399881, 1.7313351827399881, 1.7313351827399881, 1.7313351827399881, 1.7313351827399881, 1.7313351827399881, 1.7313351827399881, 1.7313351827399881, 1.7313351827399881, 1.7313351827399881, 1.7313351827399881, 1.7313351827399881, 1.7313351827399881, 1.7313351827399881, 1.7313351827399881, 1.7313351827399881, 1.7313351827399881, 1.7313351827399881, 1.7313351827399881, 1.7313351827399881, 1.7313351827399881, 1.7313351827399881, 1.7313351827399881, 1.7313351827399881, 1.7313351827399881, 2.7354811636539322, 2.5432513800707368, 2.9304802248326141, 2.5937731617427628, 2.2316312371466855, 1.8424519393966596, 1.6855332606190854, 1.4791756618110248, 1.4032547141035923, 1.5005153579960098, 1.4252087953941512, 1.3978493080482393, 1.3081050967485737, 1.6303995692680675, 1.7953773028502467, 1.9836448065025709, 2.2789171363395528, 2.1659891500347621, 1.901897192969076, 1.8153651303856151, 1.8656735169135525, 1.5947056988261021, 1.5603082654266205, 1.6118937172791508, 1.488568560796335, 1.3825016016406066, 1.4085041250911892, 1.3381872507070511, 1.2481334140545994, 1.2387161185568722, 1.1949655136380892, 1.15324320472539, 1.1484728512725366, 1.1466635545065882, 1.1396891076934228, 1.1281407765105353, 1.1075349864419115, 1.0906646513685017, 1.079477581041939, 1.0641002661119028, 1.0563093895815281, 1.0533924241454178, 1.0551308580123426, 1.0409714514681367, 1.0518932800093823, 1.0779529515258333, 1.0984243366840074, 1.1091611196344033, 1.1087919094421366, 1.1083896980929584, 1.09014323234216, 1.0923814928956941, 1.0791696026090367, 1.0910655022930891, 1.0782952642374257, 1.0569976976551609, 1.0382515964442673, 1.0307662569843905, 1.0126227291742391, 1.0144000122880188, 1.0161644556169478, 1.0107569772338445, 1.0107441356252578, 1.0143027533994748, 1.0231729567337424, 1.0336947387071909, 1.0317275109850004, 1.0518687345867135]"
Telengana,"['2020-03-05', '2020-03-06', '2020-03-07', '2020-03-08', '2020-03-09', '2020-03-10', '2020-03-11', '2020-03-12', '2020-03-13', '2020-03-14', '2020-03-15', '2020-03-16', '2020-03-17', '2020-03-18', '2020-03-19', '2020-03-20', '2020-03-21', '2020-03-22', '2020-03-23', '2020-03-24', '2020-03-25', '2020-03-26', '2020-03-27', '2020-03-28', '2020-03-29', '2020-03-30', '2020-03-31', '2020-04-01', '2020-04-02', '2020-04-03', '2020-04-04', '2020-04-05', '2020-04-06', '2020-04-07', '2020-04-08', '2020-04-09', '2020-04-10', '2020-04-11', '2020-04-12', '2020-04-13', '2020-04-14', '2020-04-15', '2020-04-16', '2020-04-17', '2020-04-18', '2020-04-19', '2020-04-20', '2020-04-21', '2020-04-22', '2020-04-23', '2020-04-24', '2020-04-25', '2020-04-26', '2020-04-27', '2020-04-28', '2020-04-29', '2020-04-30', '2020-05-01', '2020-05-02', '2020-05-03', '2020-05-04', '2020-05-05', '2020-05-06', '2020-05-07', '2020-05-08', '2020-05-09', '2020-05-10', '2020-05-11', '2020-05-12']","[3.0273255405408221, 3.0273255405408221, 3.0273255405408221, 3.0273255405408221, 3.0273255405408221, 3.0273255405408221, 3.0273255405408221, 3.0273255405408221, 3.6531412553108518, 3.2976616468922009, 3.482184431569455, 3.209163761395196, 2.8050667276866532, 3.5897154576742731, 3.1835882580613437, 2.5618734252107611, 2.691629026352679, 2.4262596879924461, 1.8031159716643783, 1.8557412809791465, 1.7500665678064846, 1.6899287148695141, 1.7577494906360054, 1.7565043156824895, 1.6523897756881611, 1.8017132503758964, 1.6993924964210074, 2.030082932607046, 1.828557511141671, 2.3989337391572985, 2.1477571332304843, 1.9809858539445369, 1.7746158012631619, 1.6582939834726524, 1.2829738091915255, 1.1360341612157057, 0.946316465018053, 0.93360982489058053, 1.0925159370910673, 1.0597434995380459, 1.10641798733221, 1.201543870899241, 1.1603213588007011, 1.1289493786078046, 1.1293935992641229, 1.1115882024901369, 1.0749813642331119, 1.0227532407928208, 0.98126977615086797, 0.94277371550534528, 0.89279443998092689, 0.8751607081772137, 0.8601544443303083, 0.84116243806720137, 0.84228116615619353, 0.868691721989169, 0.85650691982623417, 0.88498871227900944, 0.89996194380052741, 0.90518632371285157, 0.88803541710733058, 0.90223017105357628, 0.89461610622627974, 0.88589073082708358, 0.91716710189311679, 0.94245796306432827, 1.0152758138437625, 0.43339891959769683, 1.5978782776341194]"
Delhi,"['2020-03-05', '2020-03-06', '2020-03-07', '2020-03-08', '2020-03-09', '2020-03-10', '2020-03-11', '2020-03-12', '2020-03-13', '2020-03-14', '2020-03-15', '2020-03-16', '2020-03-17', '2020-03-18', '2020-03-19', '2020-03-20', '2020-03-21', '2020-03-22', '2020-03-23', '2020-03-24', '2020-03-25', '2020-03-26', '2020-03-27', '2020-03-28', '2020-03-29', '2020-03-30', '2020-03-31', '2020-04-01', '2020-04-02', '2020-04-03', '2020-04-04', '2020-04-05', '2020-04-06', '2020-04-07', '2020-04-08', '2020-04-09', '2020-04-10', '2020-04-11', '2020-04-12', '2020-04-13', '2020-04-14', '2020-04-15', '2020-04-16', '2020-04-17', '2020-04-18', '2020-04-19', '2020-04-20', '2020-04-21', '2020-04-22', '2020-04-23', '2020-04-24', '2020-04-25', '2020-04-26', '2020-04-27', '2020-04-28', '2020-04-29', '2020-04-30', '2020-05-01', '2020-05-02', '2020-05-03', '2020-05-04', '2020-05-05', '2020-05-06', '2020-05-07', '2020-05-08', '2020-05-09', '2020-05-10', '2020-05-11', '2020-05-12']","[2.7415334713410791, 2.5269082477559097, 2.5922686555926728, 2.1680742559075261, 2.0678705014902974, 2.1590080702866228, 2.0381968238912238, 1.9402611575146991, 1.8592512846332971, 1.6676569631226148, 1.633758528195721, 1.825398751797243, 1.8531275851538171, 2.1983642663271024, 2.6079181206373123, 2.3565754749378782, 2.0126213205573715, 1.825398751797243, 1.593028712039235, 1.4182501464346255, 1.3049725635142106, 1.3769900874210603, 1.5889151782819182, 2.3216735422739498, 1.9926238465229913, 2.7623771508758694, 2.923784252223415, 2.2369885961372624, 2.9930915109949887, 2.3668588043990728, 1.7881011406840288, 1.5633765528351475, 1.4600578516790157, 1.1032735526575455, 2.6163027782074031, 1.8614066598259829, 2.0009369039056581, 1.9431673373327412, 2.1934535970813078, 1.659626236443362, 1.2611029202075204, 0.82906603043990956, 0.83189348738522351, 0.53608126231656561, 0.69717492139360826, 0.82543341100879397, 0.86387971957099108, 0.90732731303077585, 0.85924569365507875, 0.89713275725439301, 0.93325855557260895, 1.1018804052626583, 1.4542038306257417, 1.445408690846143, 1.2846623830070907, 1.1733754631423605, 1.0684765590137848, 1.2285936503926174, 1.3535567031077573, 1.432801658176927, 1.4318500310050835, 1.4578810875593706, 1.4186938452971174, 1.3382878221856316, 1.2662427886312764, 1.2887272552125795, 1.2343104112966163, 1.1871022093835721, 1.1647224898919484]"
Uttar Pradesh,"['2020-03-07', '2020-03-08', '2020-03-09', '2020-03-10', '2020-03-11', '2020-03-12', '2020-03-13', '2020-03-14', '2020-03-15', '2020-03-16', '2020-03-17', '2020-03-18', '2020-03-19', '2020-03-20', '2020-03-21', '2020-03-22', '2020-03-23', '2020-03-24', '2020-03-25', '2020-03-26', '2020-03-27', '2020-03-28', '2020-03-29', '2020-03-30', '2020-03-31', '2020-04-01', '2020-04-02', '2020-04-03', '2020-04-04', '2020-04-05', '2020-04-06', '2020-04-07', '2020-04-08', '2020-04-09', '2020-04-10', '2020-04-11', '2020-04-12', '2020-04-13', '2020-04-14', '2020-04-15', '2020-04-16', '2020-04-17', '2020-04-18', '2020-04-19', '2020-04-20', '2020-04-21', '2020-04-22', '2020-04-23', '2020-04-24', '2020-04-25', '2020-04-26', '2020-04-27', '2020-04-28', '2020-04-29', '2020-04-30', '2020-05-01', '2020-05-02', '2020-05-03', '2020-05-04', '2020-05-05', '2020-05-06', '2020-05-07', '2020-05-08', '2020-05-09', '2020-05-10', '2020-05-11', '2020-05-12']","[2.8734672472070537, 2.438410362258904, 3.0273255405408221, 3.2599256187152861, 2.8386239006265859, 2.7147237556341519, 2.5754052331994775, 2.0853225261891382, 1.9787228856304766, 1.9922546936191923, 2.0720493567272755, 2.1720035291942219, 2.0678705014902956, 1.9787228856304766, 1.998065269520078, 1.8200148813513504, 1.7270849992925195, 1.7541144486729194, 1.5812990305793102, 1.8063407379806116, 1.8934589437168796, 2.0222570915102862, 2.0965238750352206, 1.9349178494988317, 1.7501964649279727, 2.1225158541512474, 1.8071171957816903, 1.9246116924700609, 2.1908681735992395, 1.9219277050740309, 1.7025564336696966, 1.8289090993025465, 1.6231872977674757, 1.3594361475665795, 1.470167969520124, 1.2856945909035966, 1.9283385765245156, 1.9578430566002725, 1.8624126265240033, 1.8355437558567886, 1.8791373164536549, 1.6112948170636154, 1.5470389900853285, 1.5860623657116319, 1.563091495344537, 1.4674109541351297, 1.3998251205353158, 1.4324068444488889, 1.350593198915512, 1.318170489336763, 1.2888098219488606, 1.2551124176290611, 1.1893935709184227, 1.1874925502898281, 1.1438938641557774, 1.2453148189572731, 1.3342104437172595, 1.2862867240998646, 1.0623381191417058, 1.1787668275247545, 0.80389978816322416, 1.0621024036242608, 1.1936282749456137, 1.3286955238025175, 1.2280788754077465, 1.3194346795084706, 1.1832683068999703]"
Haryana,"['2020-03-07', '2020-03-08', '2020-03-09', '2020-03-10', '2020-03-11', '2020-03-12', '2020-03-13', '2020-03-14', '2020-03-15', '2020-03-16', '2020-03-17', '2020-03-18', '2020-03-19', '2020-03-20', '2020-03-21', '2020-03-22', '2020-03-23', '2020-03-24', '2020-03-25', '2020-03-26', '2020-03-27', '2020-03-28', '2020-03-29', '2020-03-30', '2020-03-31', '2020-04-01', '2020-04-02', '2020-04-03', '2020-04-04', '2020-04-05', '2020-04-06', '2020-04-07', '2020-04-08', '2020-04-09', '2020-04-10', '2020-04-11', '2020-04-12', '2020-04-13', '2020-04-14', '2020-04-15', '2020-04-16', '2020-04-17', '2020-04-18', '2020-04-19', '2020-04-20', '2020-04-21', '2020-04-22', '2020-04-23', '2020-04-24', '2020-04-25', '2020-04-26', '2020-04-27', '2020-04-28', '2020-04-29', '2020-04-30', '2020-05-01', '2020-05-02', '2020-05-03', '2020-05-04', '2020-05-05', '2020-05-06', '2020-05-07', '2020-05-08', '2020-05-09', '2020-05-10', '2020-05-11', '2020-05-12']","[3.0273255405408221, 3.0273255405408221, 5.966258865051417, 3.8625959638566534, 3.0273255405408221, 2.572466649512188, 2.2852255149494556, 1.3449643574347572, 1.4111904911848601, 1.5338398771285298, 1.5132707703004158, 1.4942291731831623, 1.4765508990216247, 1.6222708723670303, 1.7304630924874793, 1.7561548486196175, 1.6848292753657861, 1.6988097118757932, 1.5004172927849122, 1.4056277240618416, 1.3247894813738614, 1.40520605001563, 1.442766986707225, 1.4976479767351654, 1.3898077073485595, 1.5113942456020912, 1.4093193503908656, 1.508913471549711, 1.8668262238594187, 1.8406846090099918, 2.3546307936167086, 2.2785388390963344, 1.9509185398345159, 1.6931985946747081, 1.6242510143973798, 1.2476038403706553, 0.86345291878953478, 0.88970505105898934, 0.85294463244018814, 0.67838851072017659, 1.1371676117346896, 1.0101015568917802, 1.008993841144646, 1.2213059728874205, 1.1942262902613012, 1.040104769211305, 1.0577065523788112, 1.053383092296754, 1.0139691837949905, 1.0131440759626789, 1.00444711577433, 1.0343691955410355, 1.0325062342215243, 0.93550751196588577, 1.2409385523458452, 2.3013103267559085, 2.3976945958816964, 2.7616070376168405, 2.3524571850530087, 1.9700540908480781, 1.7466192101816778, 1.5206241550067476, 1.2977988148162429, 1.2601530310588596, 1.1856041481190271, 1.1570537528021905, 1.1671035815057436]"
Ladakh,"['2020-03-10', '2020-03-11', '2020-03-12', '2020-03-13', '2020-03-14', '2020-03-15', '2020-03-16', '2020-03-17', '2020-03-18', '2020-03-19', '2020-03-20', '2020-03-21', '2020-03-22', '2020-03-23', '2020-03-24', '2020-03-25', '2020-03-26', '2020-03-27', '2020-03-28', '2020-03-29', '2020-03-30', '2020-03-31', '2020-04-01', '2020-04-02', '2020-04-03', '2020-04-04', '2020-04-05', '2020-04-06', '2020-04-07', '2020-04-08', '2020-04-09', '2020-04-10', '2020-04-11', '2020-04-12', '2020-04-13', '2020-04-14', '2020-04-15', '2020-04-16', '2020-04-17', '2020-04-18', '2020-04-19', '2020-04-20', '2020-04-21', '2020-04-22', '2020-04-23', '2020-04-24', '2020-04-25', '2020-04-26', '2020-04-27', '2020-04-28', '2020-04-29', '2020-04-30', '2020-05-01', '2020-05-02', '2020-05-03', '2020-05-04', '2020-05-05', '2020-05-06', '2020-05-07', '2020-05-08', '2020-05-09', '2020-05-10', '2020-05-11', '2020-05-12']","[3.350018146228678, 3.1765903562892284, 3.0273255405408221, 2.8974481085245185, 3.0273255405408221, 3.0273255405408213, 3.1142842541001676, 2.7415334713410791, 2.7313811835891695, 2.6425203348601793, 2.1819438903211514, 1.8794533323183209, 1.8082067577820791, 1.6068042850213367, 1.3705398607686101, 1.3705398607686101, 1.3705398607686101, 1.3705398607686101, 1.3705398607686101, 1.3705398607686101, 1.3705398607686101, 1.3705398607686101, 1.4414630357283922, 1.4350568849481484, 1.4288341087871255, 1.4227869401403159, 1.4169080446952549, 1.3449643574347583, 1.3449643574347583, 1.4111904911848612, 1.4056277240618416, 1.4002135383676828, 1.3949420565931514, 1.3898077073485595, 1.446155668639713, 1.4350568849481475, 1.4823013309378115, 1.4654521153300601, 1.449741183314698, 1.3297898389589868, 1.3262026093420047, 1.2703361063513789, 1.2703361063513789, 1.2703361063513789, 1.3745065408655885, 1.3666563654277475, 1.3591286728562779, 1.4480607934484357, 1.430888481205262, 1.3256965108548071, 1.3197436230013664, 1.3140045061951513, 1.9493438121466882, 1.4103452560855245, 1.2260423336567476, 1.1559929241511957, 1.1190896718022965, 0.16751533460028756, 0.12655561548508587, 0.13596186566148383, 0.14516719184584925, 0.15417797893255225, 0.10603899704359288, 0.10603899704359288]"
Tamil Nadu,"['2020-03-10', '2020-03-11', '2020-03-12', '2020-03-13', '2020-03-14', '2020-03-15', '2020-03-16', '2020-03-17', '2020-03-18', '2020-03-19', '2020-03-20', '2020-03-21', '2020-03-22', '2020-03-23', '2020-03-24', '2020-03-25', '2020-03-26', '2020-03-27', '2020-03-28', '2020-03-29', '2020-03-30', '2020-03-31', '2020-04-01', '2020-04-02', '2020-04-03', '2020-04-04', '2020-04-05', '2020-04-06', '2020-04-07', '2020-04-08', '2020-04-09', '2020-04-10', '2020-04-11', '2020-04-12', '2020-04-13', '2020-04-14', '2020-04-15', '2020-04-16', '2020-04-17', '2020-04-18', '2020-04-19', '2020-04-20', '2020-04-21', '2020-04-22', '2020-04-23', '2020-04-24', '2020-04-25', '2020-04-26', '2020-04-27', '2020-04-28', '2020-04-29', '2020-04-30', '2020-05-01', '2020-05-02', '2020-05-03', '2020-05-04', '2020-05-05', '2020-05-06', '2020-05-07', '2020-05-08', '2020-05-09', '2020-05-10', '2020-05-11', '2020-05-12']","[3.0273255405408221, 3.0273255405408221, 3.0273255405408221, 3.0273255405408221, 3.0273255405408221, 3.0273255405408221, 3.0273255405408221, 3.350018146228678, 3.4623824254889701, 3.153914580462271, 3.7502316845963599, 3.4091904344636919, 3.4142588586179228, 2.9473238338086158, 2.9979999432788316, 2.4540109989401229, 2.5114043593646684, 2.2857267429584969, 2.4008444455049891, 2.0971648595883705, 3.9262910927438011, 1.034512492942077, 1.7542330460485756, 2.0129501867948578, 1.9716905041683817, 1.4814886981134427, 1.522275351494581, 1.4195692570020642, 1.2585668589232135, 1.2662673146418773, 1.2246203811584486, 1.2143477573073005, 1.2410081889944973, 1.2753569309226178, 1.1846579483281725, 1.1342932539156048, 1.0964202639162852, 1.0483241558520917, 1.0054690790627976, 1.0648911644206822, 1.0659903116181546, 1.1006289092746655, 1.0799346453837098, 1.0799806248956307, 1.0555063350729093, 1.0678824509729012, 1.0582277210598239, 1.0672666899366214, 1.1022147203774333, 1.1150955603126822, 1.1583479409719071, 1.2167980915050989, 1.2833458522621097, 1.3228324747872398, 1.455042664960102, 1.9793721017969172, 2.2000743412104256, 2.0098927523191232, 1.8829906074593608, 1.6669273651813061, 1.4587551124638447, 1.3144910078763774, 1.1606590650992143, 1.2351101575015848]"
Karnataka,"['2020-03-12', '2020-03-13', '2020-03-14', '2020-03-15', '2020-03-16', '2020-03-17', '2020-03-18', '2020-03-19', '2020-03-20', '2020-03-21', '2020-03-22', '2020-03-23', '2020-03-24', '2020-03-25', '2020-03-26', '2020-03-27', '2020-03-28', '2020-03-29', '2020-03-30', '2020-03-31', '2020-04-01', '2020-04-02', '2020-04-03', '2020-04-04', '2020-04-05', '2020-04-06', '2020-04-07', '2020-04-08', '2020-04-09', '2020-04-10', '2020-04-11', '2020-04-12', '2020-04-13', '2020-04-14', '2020-04-15', '2020-04-16', '2020-04-17', '2020-04-18', '2020-04-19', '2020-04-20', '2020-04-21', '2020-04-22', '2020-04-23', '2020-04-24', '2020-04-25', '2020-04-26', '2020-04-27', '2020-04-28', '2020-04-29', '2020-04-30', '2020-05-01', '2020-05-02', '2020-05-03', '2020-05-04', '2020-05-05', '2020-05-06', '2020-05-07', '2020-05-08', '2020-05-09', '2020-05-10', '2020-05-11', '2020-05-12']","[2.438410362258904, 1.4765508990216247, 1.4350568849481495, 2.2796668706860035, 1.7476586698548182, 2.0033534773107551, 1.9305113981693034, 1.7842123574648494, 2.0833551840429614, 2.256572141404531, 2.0445059729933339, 1.9659561451542926, 2.1961484453291713, 1.7172769535525507, 1.4828309919552556, 1.755787808795632, 1.7034994105156747, 1.4194074199035103, 1.6207421476172974, 1.653359892221602, 1.5078356917718716, 1.4333798767150876, 1.5332559764376958, 1.3982996627462294, 1.4744621988589652, 1.3431070022870981, 1.3332471277526801, 1.3124174565071725, 1.3476303132430516, 1.264721913082437, 1.3513640349563552, 1.3503023803614658, 1.3396891679178313, 1.3983185222373606, 1.4596362500069773, 1.4113724781182193, 1.3859845900474732, 1.3363090716161685, 1.2683047066890882, 1.1846363629610916, 1.1780603589443848, 1.1883416946257634, 1.2152346955669251, 1.1891166499992183, 1.1822235565204637, 1.1577030171127956, 1.1372128260854379, 1.131637490770151, 1.1412789411723629, 1.1428145420838294, 1.152873621390454, 1.1889609961920125, 1.1690581989463467, 1.1524753040925102, 1.1617559414771057, 1.1492648157484056, 1.1622237862855505, 1.1904589126450729, 1.2392024824086236, 1.2181835757195503, 1.2923614046781926, 1.2119043549232946]"
Maharashtra,"['2020-03-12', '2020-03-13', '2020-03-14', '2020-03-15', '2020-03-16', '2020-03-17', '2020-03-18', '2020-03-19', '2020-03-20', '2020-03-21', '2020-03-22', '2020-03-23', '2020-03-24', '2020-03-25', '2020-03-26', '2020-03-27', '2020-03-28', '2020-03-29', '2020-03-30', '2020-03-31', '2020-04-01', '2020-04-02', '2020-04-03', '2020-04-04', '2020-04-05', '2020-04-06', '2020-04-07', '2020-04-08', '2020-04-09', '2020-04-10', '2020-04-11', '2020-04-12', '2020-04-13', '2020-04-14', '2020-04-15', '2020-04-16', '2020-04-17', '2020-04-18', '2020-04-19', '2020-04-20', '2020-04-21', '2020-04-22', '2020-04-23', '2020-04-24', '2020-04-25', '2020-04-26', '2020-04-27', '2020-04-28', '2020-04-29', '2020-04-30', '2020-05-01', '2020-05-02', '2020-05-03', '2020-05-04', '2020-05-05', '2020-05-06', '2020-05-07', '2020-05-08', '2020-05-09', '2020-05-10', '2020-05-11', '2020-05-12']","[1.911607783969774, 3.0273255405408221, 2.2565721414045301, 1.8275721923878676, 1.6578817889435964, 1.6876489929560905, 1.2577890483242506, 1.4787252847919217, 1.3616033078981304, 1.3944697123483158, 1.5067624713014365, 1.8822821867077835, 1.6180697798358832, 1.5577624295287373, 1.8352704233158321, 1.6458290837183167, 1.4037501423649759, 1.4683787370280466, 1.8053077868355263, 1.4562238038999806, 1.3277982545040818, 1.976821009253023, 1.1433687647543538, 2.1586965491389529, 2.0569275035743071, 2.1154552936390409, 1.7501566404156215, 1.9249070844233231, 1.677839781025785, 1.6285891519202216, 1.5925839932104329, 1.6685528082514083, 1.6398071129864427, 1.562535852025233, 1.5363039089083448, 1.4334415162319174, 1.2850409699049985, 1.3846208523653576, 1.454860669667575, 1.5042749327111877, 1.5442864127112426, 1.604533665406257, 1.4601526857480507, 1.554928939886481, 1.2688595599411867, 1.2380944470783084, 1.1676700571005361, 1.2011190470160686, 1.1113057837309781, 1.2217956254738918, 1.3163338020874908, 1.1670922054890225, 1.4726904656006001, 1.4306577798596374, 1.337528680654299, 1.3542270604434568, 1.3530004236379616, 1.2115718409858616, 1.5720296268510012, 1.3383183716744342, 1.3147162932902696, 1.2795849426780537]"
Punjab,"['2020-03-12', '2020-03-13', '2020-03-14', '2020-03-15', '2020-03-16', '2020-03-17', '2020-03-18', '2020-03-19', '2020-03-20', '2020-03-21', '2020-03-22', '2020-03-23', '2020-03-24', '2020-03-25', '2020-03-26', '2020-03-27', '2020-03-28', '2020-03-29', '2020-03-30', '2020-03-31', '2020-04-01', '2020-04-02', '2020-04-03', '2020-04-04', '2020-04-05', '2020-04-06', '2020-04-07', '2020-04-08', '2020-04-09', '2020-04-10', '2020-04-11', '2020-04-12', '2020-04-13', '2020-04-14', '2020-04-15', '2020-04-16', '2020-04-17', '2020-04-18', '2020-04-19', '2020-04-20', '2020-04-21', '2020-04-22', '2020-04-23', '2020-04-24', '2020-04-25', '2020-04-26', '2020-04-27', '2020-04-28', '2020-04-29', '2020-04-30', '2020-05-01', '2020-05-02', '2020-05-03', '2020-05-04', '2020-05-05', '2020-05-06', '2020-05-07', '2020-05-08', '2020-05-09', '2020-05-10', '2020-05-11', '2020-05-12']","[3.0273255405408221, 3.0273255405408221, 3.0273255405408221, 3.0273255405408221, 3.0273255405408221, 3.350018146228678, 3.1765903562892284, 5.4119459009923689, 4.5688323388134044, 3.2495843533949906, 3.0273255405408226, 2.5066242442778366, 1.9608000289712131, 1.5808571588102101, 1.6842959135859858, 1.4025160942453521, 1.3827003856116709, 1.3395560280810517, 1.3501430218024177, 1.3118516536322904, 1.3449643574347583, 1.5177033947042018, 1.4210903954200862, 1.711581110901278, 1.7978670963400902, 1.671398078149374, 1.6109707941067983, 1.8698663370124169, 1.5799465660117828, 1.5566048881414634, 1.6214885833878856, 1.5500044760716425, 1.372411818858615, 1.3486349803819428, 1.2245046020372776, 1.2160163150444947, 1.2487559601866616, 1.1894543685569814, 1.305147107953242, 1.3151357827647749, 1.3388256212431455, 1.2525586952636516, 1.3192573599326638, 1.2098716184101304, 1.2327617204601002, 1.1377312479669395, 1.163520132089038, 1.2024311885417012, 1.1951467195286765, 1.4909817092676363, 5.7003046353552165, 4.3392116738790811, 3.021326481229361, 2.3933902521878601, 1.6793731167977255, 1.2534744394062227, 0.58870209996123046, 0.45136280456136524, 0.22259442313440758, 0.30708862571799189, 0.27907195226995729, 0.25488936650659455]"
Jammu and Kashmir,"['2020-03-12', '2020-03-13', '2020-03-14', '2020-03-15', '2020-03-16', '2020-03-17', '2020-03-18', '2020-03-19', '2020-03-20', '2020-03-21', '2020-03-22', '2020-03-23', '2020-03-24', '2020-03-25', '2020-03-26', '2020-03-27', '2020-03-28', '2020-03-29', '2020-03-30', '2020-03-31', '2020-04-01', '2020-04-02', '2020-04-03', '2020-04-04', '2020-04-05', '2020-04-06', '2020-04-07', '2020-04-08', '2020-04-09', '2020-04-10', '2020-04-11', '2020-04-12', '2020-04-13', '2020-04-14', '2020-04-15', '2020-04-16', '2020-04-17', '2020-04-18', '2020-04-19', '2020-04-20', '2020-04-21', '2020-04-22', '2020-04-23', '2020-04-24', '2020-04-25', '2020-04-26', '2020-04-27', '2020-04-28', '2020-04-29', '2020-04-30', '2020-05-01', '2020-05-02', '2020-05-03', '2020-05-04', '2020-05-05', '2020-05-06', '2020-05-07', '2020-05-08', '2020-05-09', '2020-05-10', '2020-05-11', '2020-05-12']","[3.350018146228678, 3.1765903562892284, 3.2976616468922009, 3.0273255405408213, 2.8145274684468422, 2.6425203348601802, 2.5005229622516909, 2.20581028408444, 2.1590080702866219, 2.1157177565710485, 1.9116077839697729, 2.3881586829913979, 3.0273255405408221, 2.6045386004005069, 2.8802561145093555, 3.0808019861245608, 3.0831920435314477, 2.5147477229128454, 2.3721842285088011, 1.9681055602394399, 1.8572420420906866, 1.4973039676531914, 1.7900212457162414, 1.6334493040390299, 1.6400926977520509, 1.4521743272057537, 1.7721085963257779, 1.6378552101127319, 1.6975456491715508, 1.6716312102120683, 1.6983233542079814, 1.5414438771845729, 1.418141372749151, 1.3835996238308632, 1.3469810963952444, 1.3022898451855702, 1.2479307621541722, 1.2399962074325979, 1.2180100473958939, 1.2038755005151345, 1.2315739109055979, 1.2399616813888634, 1.2737314155228801, 1.3110425912199062, 1.3303298249198774, 1.3023591087750876, 1.2837500025999875, 1.2488263122322072, 1.2251415803907835, 1.2090475479478651, 1.2074986545337643, 1.2245242675413552, 1.2286286720879924, 1.1931759131434541, 1.1987016432475706, 1.1793670592592997, 1.1669231111251936, 1.1466754837381803, 1.1548878649212311, 1.1314120245627131, 1.1390229355187744, 1.1127852996937806]"
Andhra Pradesh,"['2020-03-15', '2020-03-16', '2020-03-17', '2020-03-18', '2020-03-19', '2020-03-20', '2020-03-21', '2020-03-22', '2020-03-23', '2020-03-24', '2020-03-25', '2020-03-26', '2020-03-27', '2020-03-28', '2020-03-29', '2020-03-30', '2020-03-31', '2020-04-01', '2020-04-02', '2020-04-03', '2020-04-04', '2020-04-05', '2020-04-06', '2020-04-07', '2020-04-08', '2020-04-09', '2020-04-10', '2020-04-11', '2020-04-12', '2020-04-13', '2020-04-14', '2020-04-15', '2020-04-16', '2020-04-17', '2020-04-18', '2020-04-19', '2020-04-20', '2020-04-21', '2020-04-22', '2020-04-23', '2020-04-24', '2020-04-25', '2020-04-26', '2020-04-27', '2020-04-28', '2020-04-29', '2020-04-30', '2020-05-01', '2020-05-02', '2020-05-03', '2020-05-04', '2020-05-05', '2020-05-06', '2020-05-07', '2020-05-08', '2020-05-09', '2020-05-10', '2020-05-11', '2020-05-12']","[3.0273255405408221, 3.0273255405408221, 3.350018146228678, 3.4623824254889701, 3.153914580462271, 3.3500181462286776, 3.2837920124785747, 2.8232155679395468, 2.5184120689911107, 2.5055254639196072, 2.1819438903211514, 2.0381968238912229, 2.1997533481529548, 2.2007056384139041, 2.699339128111756, 3.5717959817365088, 2.7479232485685392, 2.895391764674847, 2.637639904994904, 2.3337727617291253, 2.0157912946697643, 2.0401495675208086, 1.8344854323416144, 1.7701338588344018, 1.6236203250530914, 1.5026199359923398, 1.347361864073837, 1.3571014187580293, 1.3292328289879327, 1.3441452895321966, 1.3506316424932281, 1.4041770740488764, 1.3376810349524364, 1.2448358549232825, 1.3821777752470854, 1.2755925079918005, 1.306774086875806, 1.4640209573476428, 1.5700122494232511, 1.4218663908197198, 1.3563158024825843, 1.3541323476392038, 1.3084966567417937, 1.2930742518491947, 1.2142025740535811, 1.2255066446611544, 1.1137074879676745, 1.1479132308580557, 1.1319767956884372, 1.1200599596999383, 1.0588939190026123, 1.1081920477341674, 1.0615870848292468, 1.0376561741668016, 1.0179245745927983, 1.0543351898631903, 1.0366671621200265, 1.0221284216608764, 1.0192387455298388]"
Odisha,"['2020-03-19', '2020-03-20', '2020-03-21', '2020-03-22', '2020-03-23', '2020-03-24', '2020-03-25', '2020-03-26', '2020-03-27', '2020-03-28', '2020-03-29', '2020-03-30', '2020-03-31', '2020-04-01', '2020-04-02', '2020-04-03', '2020-04-04', '2020-04-05', '2020-04-06', '2020-04-07', '2020-04-08', '2020-04-09', '2020-04-10', '2020-04-11', '2020-04-12', '2020-04-13', '2020-04-14', '2020-04-15', '2020-04-16', '2020-04-17', '2020-04-18', '2020-04-19', '2020-04-20', '2020-04-21', '2020-04-22', '2020-04-23', '2020-04-24', '2020-04-25', '2020-04-26', '2020-04-27', '2020-04-28', '2020-04-29', '2020-04-30', '2020-05-01', '2020-05-02', '2020-05-03', '2020-05-04', '2020-05-05', '2020-05-06', '2020-05-07', '2020-05-08', '2020-05-09', '2020-05-10', '2020-05-11', '2020-05-12']","[2.8734672472070537, 2.7415334713410791, 2.6271120021731398, 2.5269082477559088, 2.1819438903211514, 2.1819438903211514, 2.1819438903211514, 2.438410362258904, 2.359668577418208, 2.2891455465104986, 2.2256122901649245, 2.3721842285088011, 2.0678705014902956, 2.20581028408444, 2.1157177565710494, 3.9602553184428828, 2.6038880609164932, 3.5812819747556275, 2.5703645540239659, 2.1510363786419164, 1.5603868243314167, 1.5640976090824268, 1.1645255295035786, 1.1558463934536287, 1.1685659291720674, 1.2179175697153797, 1.1320469474275148, 1.0196549718050552, 1.0192390147588468, 1.0188402986156648, 1.0521210647134178, 1.1478231431628552, 1.26258127817263, 1.259974091659037, 1.3221693468312214, 1.2627019249710898, 1.2808437234619445, 1.2310401049130351, 1.3090302970988312, 1.232124589609606, 1.2642768439464984, 1.2987271605804653, 1.287420189893745, 1.277069157832434, 1.2743851739068095, 1.2455169915725739, 1.1709339404985668, 1.1881065097391874, 1.3095380177872453, 1.538846127954075, 1.5552472610337325, 1.7986549079612739, 1.7731919627253589, 1.7623585754437667, 1.5995434623197391]"
Uttarakhand,"['2020-03-18', '2020-03-19', '2020-03-20', '2020-03-21', '2020-03-22', '2020-03-23', '2020-03-24', '2020-03-25', '2020-03-26', '2020-03-27', '2020-03-28', '2020-03-29', '2020-03-30', '2020-03-31', '2020-04-01', '2020-04-02', '2020-04-03', '2020-04-04', '2020-04-05', '2020-04-06', '2020-04-07', '2020-04-08', '2020-04-09', '2020-04-10', '2020-04-11', '2020-04-12', '2020-04-13', '2020-04-14', '2020-04-15', '2020-04-16', '2020-04-17', '2020-04-18', '2020-04-19', '2020-04-20', '2020-04-21', '2020-04-22', '2020-04-23', '2020-04-24', '2020-04-25', '2020-04-26', '2020-04-27', '2020-04-28', '2020-04-29', '2020-04-30', '2020-05-01', '2020-05-02', '2020-05-03', '2020-05-04', '2020-05-05', '2020-05-06', '2020-05-07', '2020-05-08', '2020-05-09', '2020-05-10', '2020-05-11', '2020-05-12']","[3.6531412553108518, 3.2976616468922009, 3.0273255405408221, 2.8145274684468422, 2.8386239006265868, 2.2565721414045301, 2.3812668831407899, 2.2796668706860017, 2.1920551172249896, 2.2565721414045283, 2.1478722082225001, 1.9360577104407308, 1.8884058861872601, 1.8453816502196685, 1.9116077839697712, 2.4092557607049367, 2.627112002173138, 2.5308344356294197, 2.4529241605487115, 2.0608725997181789, 1.8411389685904749, 1.5666434265350162, 1.4119976588353338, 1.2550127722618629, 1.2493591502008647, 1.1369948709405717, 1.1907588298218805, 1.1887016399142345, 1.1866883521882214, 1.3126017849066698, 1.3015989511676131, 1.2913445406198791, 1.3272195412619192, 1.3140045061951513, 1.1961035657664065, 1.2137077418863556, 1.1887016399142345, 1.1855883147825119, 1.2024568067736849, 1.1984387413362139, 1.2326000781744646, 1.2264537959008164, 1.2206240245446904, 1.2150869254184533, 1.2269150292390887, 1.1874154662737024, 1.1672396703377006, 1.1482810479144401, 1.1303005333493255, 1.1130904429388628, 1.1282121530666882, 1.1892970552171112, 1.1852063584017454, 1.1812887401131218, 1.2449069352013498, 1.1903179321539445]"
Puducherry,"['2020-03-21', '2020-03-22', '2020-03-23', '2020-03-24', '2020-03-25', '2020-03-26', '2020-03-27', '2020-03-28', '2020-03-29', '2020-03-30', '2020-03-31', '2020-04-01', '2020-04-02', '2020-04-03', '2020-04-04', '2020-04-05', '2020-04-06', '2020-04-07', '2020-04-08', '2020-04-09', '2020-04-10', '2020-04-11', '2020-04-12', '2020-04-13', '2020-04-14', '2020-04-15', '2020-04-16', '2020-04-17', '2020-04-18', '2020-04-19', '2020-04-20', '2020-04-21', '2020-04-22', '2020-04-23', '2020-04-24', '2020-04-25', '2020-04-26', '2020-04-27', '2020-04-28', '2020-04-29', '2020-04-30', '2020-05-01', '2020-05-02', '2020-05-03', '2020-05-04', '2020-05-05', '2020-05-06', '2020-05-07', '2020-05-08', '2020-05-09', '2020-05-10', '2020-05-11', '2020-05-12']","[3.0273255405408221, 3.0273255405408221, 3.0273255405408221, 3.0273255405408221, 3.0273255405408221, 3.0273255405408221, 3.0273255405408221, 3.0273255405408221, 3.0273255405408221, 3.6531412553108518, 3.2976616468922009, 3.482184431569455, 3.0273255405408226, 2.7147237556341519, 2.1920551172249896, 2.1157177565710485, 1.7707533991362907, 1.7707533991362907, 1.7707533991362907, 2.0486026549103453, 1.9891287166495992, 1.9360577104407319, 1.8884058861872621, 1.8453816502196696, 1.5889151782819173, 1.5889151782819173, 1.5889151782819173, 1.5889151782819173, 1.5889151782819173, 1.5889151782819173, 1.5889151782819173, 1.5889151782819173, 1.5889151782819173, 1.5889151782819173, 1.5889151782819173, 1.6988097118757941, 1.6828776750287535, 1.6676569631226128, 1.6531009120853211, 1.639166857549424, 1.5268025782891317, 1.5268025782891317, 1.5268025782891317, 1.625815714770029, 1.6130116104616614, 1.6007215592103161, 1.5889151782819173, 1.5775644356092213, 1.4765508990216247, 1.4765508990216247, 1.7421000255913661, 1.4507554849714874, 1.8642140641970542]"
West Bengal,"['2020-03-21', '2020-03-22', '2020-03-23', '2020-03-24', '2020-03-25', '2020-03-26', '2020-03-27', '2020-03-28', '2020-03-29', '2020-03-30', '2020-03-31', '2020-04-01', '2020-04-02', '2020-04-03', '2020-04-04', '2020-04-05', '2020-04-06', '2020-04-07', '2020-04-08', '2020-04-09', '2020-04-10', '2020-04-11', '2020-04-12', '2020-04-13', '2020-04-14', '2020-04-15', '2020-04-16', '2020-04-17', '2020-04-18', '2020-04-19', '2020-04-20', '2020-04-21', '2020-04-22', '2020-04-23', '2020-04-24', '2020-04-25', '2020-04-26', '2020-04-27', '2020-04-28', '2020-04-29', '2020-04-30', '2020-05-01', '2020-05-02', '2020-05-03', '2020-05-04', '2020-05-05', '2020-05-06', '2020-05-07', '2020-05-08', '2020-05-09', '2020-05-10', '2020-05-11', '2020-05-12']","[3.3978654013094314, 3.1142842541001681, 2.4384103622589048, 2.174197955387005, 1.8912411570315939, 1.9645183306224565, 1.9116077839697729, 2.0528238455367473, 2.0503573487342841, 2.3571077579000024, 2.438410362258904, 2.302074730557206, 2.0811155423481793, 2.0106209204506715, 1.6902211039810282, 1.5454995654146133, 1.47064422379247, 1.4102527860591167, 1.4010587754586992, 1.4663572155723839, 1.4023617661128651, 1.4529844767611333, 1.6577735837432515, 1.6441643592148418, 1.6153648839084065, 1.6261347042115881, 1.61706631229469, 1.4927308961904804, 1.4702435185510292, 1.5418781427724397, 1.509422247942926, 1.4653887315220864, 1.5090813046564855, 1.5220966955888118, 1.4479396239201416, 1.4238880365221585, 1.4156949114515949, 1.3381704314732847, 1.2822065545247592, 1.2631441723177117, 1.2000266730684961, 1.2921948254673508, 1.2915569595761787, 1.5611588881628802, 1.4669983279869421, 1.7024907130631701, 1.3586264665897119, 1.4407072895566939, 1.0512550568820003, 1.3283497153459014, 1.2486950966355312, 1.277113993625107, 1.2007036403467162]"
Chhattisgarh,"['2020-03-22', '2020-03-23', '2020-03-24', '2020-03-25', '2020-03-26', '2020-03-27', '2020-03-28', '2020-03-29', '2020-03-30', '2020-03-31', '2020-04-01', '2020-04-02', '2020-04-03', '2020-04-04', '2020-04-05', '2020-04-06', '2020-04-07', '2020-04-08', '2020-04-09', '2020-04-10', '2020-04-11', '2020-04-12', '2020-04-13', '2020-04-14', '2020-04-15', '2020-04-16', '2020-04-17', '2020-04-18', '2020-04-19', '2020-04-20', '2020-04-21', '2020-04-22', '2020-04-23', '2020-04-24', '2020-04-25', '2020-04-26', '2020-04-27', '2020-04-28', '2020-04-29', '2020-04-30', '2020-05-01', '2020-05-02', '2020-05-03', '2020-05-04', '2020-05-05', '2020-05-06', '2020-05-07', '2020-05-08', '2020-05-09', '2020-05-10', '2020-05-11', '2020-05-12']","[3.0273255405408221, 3.0273255405408221, 4.465735902799727, 3.5541281188299529, 3.0273255405408221, 2.8232155679395468, 2.5184120689911107, 1.8663586063701829, 1.9329297779020607, 1.8717669357238886, 1.7229061440555373, 1.6941822242710796, 1.5775644356092213, 1.5666434265350153, 1.556128175551122, 1.54599645982496, 1.5362276517679878, 1.5268025782891317, 2.0608725997181789, 2.3785294070253262, 2.4384103622589057, 2.1659694358385559, 2.0486026549103453, 1.6545278527342748, 1.4823013309378106, 1.2874354545884081, 1.2794022919722832, 1.218614055069158, 1.2150869254184542, 1.1333412354108074, 1.1333412354108074, 1.1333412354108074, 1.1333412354108074, 1.1595880148415258, 1.1587434915729014, 1.1579078602514952, 1.1827879786689877, 1.1808982828875112, 1.2041099726012761, 1.2743830511291714, 1.2664068330646838, 1.5484945862821218, 1.5245896992974903, 1.4654521153300601, 1.3813099241681517, 1.3603617402056198, 1.1164778130176094, 1.099341016083627, 1.0826465097560525, 1.0826465097560525, 1.0826465097560525, 1.0826465097560525]"
Gujarat,"['2020-03-23', '2020-03-24', '2020-03-25', '2020-03-26', '2020-03-27', '2020-03-28', '2020-03-29', '2020-03-30', '2020-03-31', '2020-04-01', '2020-04-02', '2020-04-03', '2020-04-04', '2020-04-05', '2020-04-06', '2020-04-07', '2020-04-08', '2020-04-09', '2020-04-10', '2020-04-11', '2020-04-12', '2020-04-13', '2020-04-14', '2020-04-15', '2020-04-16', '2020-04-17', '2020-04-18', '2020-04-19', '2020-04-20', '2020-04-21', '2020-04-22', '2020-04-23', '2020-04-24', '2020-04-25', '2020-04-26', '2020-04-27', '2020-04-28', '2020-04-29', '2020-04-30', '2020-05-01', '2020-05-02', '2020-05-03', '2020-05-04', '2020-05-05', '2020-05-06', '2020-05-07', '2020-05-08', '2020-05-09', '2020-05-10', '2020-05-11', '2020-05-12']","[2.1680742559075252, 1.84068460900999, 1.0925952388361877, 0.72755907357965099, 1.0671151016607028, 1.2260271838402361, 1.1686906981592511, 1.3306990125227249, 1.33641003541661, 1.2174255596986956, 1.1813308899219728, 1.3243031710102047, 1.4274232956791495, 1.5227929549788266, 1.3915405093066404, 1.3793640413073596, 1.6249997878752689, 1.7758528386400174, 2.0877512433884915, 2.2192798174295207, 2.1248279929207721, 1.940329739446103, 1.964864078613799, 1.8384951896320627, 1.8801091187602195, 1.9860545597707626, 1.9508934811345109, 1.8213075390627889, 1.7345401006397763, 1.5818200468185712, 1.0535630163021432, 0.95164655859221203, 1.0110380068197533, 1.0316775201107362, 1.114390722174269, 1.102919961763859, 1.1558183274107283, 1.1641318969036121, 1.1865381433687705, 1.1991620166867523, 1.2283185507317986, 1.2255028031230586, 1.2387719753002513, 1.2297597313493074, 1.2215318182103638, 1.2067221864067532, 1.194246892397814, 1.1725998904408419, 1.1557272071293796, 1.154693406028799, 1.1350214663769231]"
Himachal Pradesh,"['2020-03-24', '2020-03-25', '2020-03-26', '2020-03-27', '2020-03-28', '2020-03-29', '2020-03-30', '2020-03-31', '2020-04-01', '2020-04-02', '2020-04-03', '2020-04-04', '2020-04-05', '2020-04-06', '2020-04-07', '2020-04-08', '2020-04-09', '2020-04-10', '2020-04-11', '2020-04-12', '2020-04-13', '2020-04-14', '2020-04-15', '2020-04-16', '2020-04-17', '2020-04-18', '2020-04-19', '2020-04-20', '2020-04-21', '2020-04-22', '2020-04-23', '2020-04-24', '2020-04-25', '2020-04-26', '2020-04-27', '2020-04-28', '2020-04-29', '2020-04-30', '2020-05-01', '2020-05-02', '2020-05-03', '2020-05-04', '2020-05-05', '2020-05-06', '2020-05-07', '2020-05-08', '2020-05-09', '2020-05-10', '2020-05-11', '2020-05-12']","[2.8734672472070537, 2.7415334713410791, 2.6271120021731398, 2.2565721414045301, 2.2565721414045301, 2.2565721414045301, 2.2565721414045301, 2.2565721414045301, 3.0273255405408221, 2.7242024314586479, 2.50052296225169, 3.3771184835753725, 2.7682002012178915, 2.5816866410607853, 2.2767334590442219, 2.6395343688114492, 1.9674742869603996, 1.9989809365860935, 1.6828776750287546, 1.6172209554556087, 1.2894698920945122, 1.3406890258360891, 1.2102411812174969, 1.2924810334080421, 1.3099583801398391, 1.2718060460944371, 1.2116718191328026, 1.2072835683917307, 1.1530731790980338, 1.1265890399214489, 1.1259512441427924, 1.1253198433160811, 1.1246947417362607, 1.0995057715864751, 1.0995057715864751, 1.0995057715864751, 1.0995057715864751, 1.0995057715864751, 1.0995057715864751, 1.0995057715864751, 1.1240758455986199, 1.1477940112077212, 1.2179521803743079, 1.2358928013754524, 1.3182892588598871, 1.2833001678274563, 1.3535776239919883, 1.3544791081651879, 1.3539652599554959, 1.3352225131449853]"
Madhya Pradesh,"['2020-03-24', '2020-03-25', '2020-03-26', '2020-03-27', '2020-03-28', '2020-03-29', '2020-03-30', '2020-03-31', '2020-04-01', '2020-04-02', '2020-04-03', '2020-04-04', '2020-04-05', '2020-04-06', '2020-04-07', '2020-04-08', '2020-04-09', '2020-04-10', '2020-04-11', '2020-04-12', '2020-04-13', '2020-04-14', '2020-04-15', '2020-04-16', '2020-04-17', '2020-04-18', '2020-04-19', '2020-04-20', '2020-04-21', '2020-04-22', '2020-04-23', '2020-04-24', '2020-04-25', '2020-04-26', '2020-04-27', '2020-04-28', '2020-04-29', '2020-04-30', '2020-05-01', '2020-05-02', '2020-05-03', '2020-05-04', '2020-05-05', '2020-05-06', '2020-05-07', '2020-05-08', '2020-05-09', '2020-05-10', '2020-05-11', '2020-05-12']","[3.1912746546557771, 2.3331433162697426, 2.5571807922994405, 2.0628072099183652, 2.245336181620007, 1.7707533991362918, 2.1470658216390266, 2.3585070023171539, 2.1230117038893477, 1.6963103366675389, 2.2304408757647196, 1.8264377992023242, 1.9156254619681887, 1.7402654997956988, 1.7894510877818766, 1.41361238515326, 3.2348981292645012, 2.1299820401284713, 1.8491781417371578, 1.9567424961908384, 2.3723055746112971, 1.8692571973948731, 1.7144243639410028, 1.5201705297945205, 1.294412901449677, 1.0187835917079551, 0.65474757902503233, 0.26770579019783758, 0.55749389107669534, 0.8824038099906113, 0.98147640898474775, 1.1916013737817266, 1.1885102107815231, 1.298096397668981, 1.2916814148448774, 1.247131382511772, 1.1383108341672821, 1.0648411887583487, 1.0037431976228188, 0.93372290403798086, 0.9426557204324485, 0.90699202566570936, 0.96646329738439474, 0.9604302680356257, 0.95828321754682988, 1.0490527878517584, 1.0199939447412369, 1.275157408073547, 1.0964531924853633, 1.3130874866464786]"
Chandigarh,"['2020-03-22', '2020-03-23', '2020-03-24', '2020-03-25', '2020-03-26', '2020-03-27', '2020-03-28', '2020-03-29', '2020-03-30', '2020-03-31', '2020-04-01', '2020-04-02', '2020-04-03', '2020-04-04', '2020-04-05', '2020-04-06', '2020-04-07', '2020-04-08', '2020-04-09', '2020-04-10', '2020-04-11', '2020-04-12', '2020-04-13', '2020-04-14', '2020-04-15', '2020-04-16', '2020-04-17', '2020-04-18', '2020-04-19', '2020-04-20', '2020-04-21', '2020-04-22', '2020-04-23', '2020-04-24', '2020-04-25', '2020-04-26', '2020-04-27', '2020-04-28', '2020-04-29', '2020-04-30', '2020-05-01', '2020-05-02', '2020-05-03', '2020-05-04', '2020-05-05', '2020-05-06', '2020-05-07', '2020-05-08', '2020-05-09', '2020-05-10', '2020-05-11', '2020-05-12']","[2.6823611831060648, 2.256572141404531, 2.003353477310756, 1.2942025001146669, 1.2778492557740539, 1.1333412354108063, 1.1298774320163025, 1.7155042182033662, 1.9116077839697729, 1.6907516924040857, 1.7476586698548191, 1.6502656412409888, 1.2959443569516533, 1.1136412553877804, 1.1111156839235512, 1.0, 1.0, 1.0, 1.0, 1.0546453526609512, 1.1604415727575033, 1.1554529353501559, 1.1507651908534384, 1.1463519115005663, 1.0952409748534722, 1.0, 1.0934606650607628, 1.2262829579406043, 1.2164840287666212, 1.2479847056968609, 1.2362644242527276, 1.1515267474766442, 1.0740754289257035, 1.144937684366262, 1.1060110382530157, 1.4350568849481495, 1.8524990891439397, 1.7046817031555015, 1.5758569311104278, 2.0863429343559452, 1.8352704233158321, 1.5139656007629023, 1.5588334373511894, 1.5952968000799408, 1.3163109838898326, 1.3780602012852583, 1.4741282227245287, 1.5138617752064458, 1.4058170355360331, 1.3503378130835852, 1.3430146596132113, 1.2286984002550581]"
Bihar,"['2020-03-25', '2020-03-26', '2020-03-27', '2020-03-28', '2020-03-29', '2020-03-30', '2020-03-31', '2020-04-01', '2020-04-02', '2020-04-03', '2020-04-04', '2020-04-05', '2020-04-06', '2020-04-07', '2020-04-08', '2020-04-09', '2020-04-10', '2020-04-11', '2020-04-12', '2020-04-13', '2020-04-14', '2020-04-15', '2020-04-16', '2020-04-17', '2020-04-18', '2020-04-19', '2020-04-20', '2020-04-21', '2020-04-22', '2020-04-23', '2020-04-24', '2020-04-25', '2020-04-26', '2020-04-27', '2020-04-28', '2020-04-29', '2020-04-30', '2020-05-01', '2020-05-02', '2020-05-03', '2020-05-04', '2020-05-05', '2020-05-06', '2020-05-07', '2020-05-08', '2020-05-09', '2020-05-10', '2020-05-11', '2020-05-12']","[2.5269082477559088, 2.8386239006265876, 2.5374234987398037, 2.5507746415191983, 2.0239720632300662, 2.4619398174459679, 2.0292602710207444, 2.0086982132552822, 1.7219725244094688, 1.6357758774262334, 1.362477510190768, 1.3072638960683185, 1.3226926056878558, 1.3049725635142098, 1.8467042266061675, 1.6834149339343378, 1.6814653121362599, 1.4976479767351663, 1.470144748241381, 1.1737931668258712, 1.2283501841659434, 1.2899362882517476, 1.3014611512806014, 1.27244092642035, 1.3305977456744502, 1.4646602869967875, 1.455801931393558, 1.5977257532489146, 1.7442281379878257, 1.9217446348822835, 1.8059362235999052, 1.7599425841138157, 1.8477539337417332, 1.7556044227270287, 1.5610976491960415, 1.5047261520657114, 1.5057430060896233, 1.3271637057221508, 1.3028510224497238, 1.269189816885343, 1.2240536294431883, 1.1401961003219656, 1.1308131483098558, 1.1019119957325847, 1.1142803239153503, 1.2808061291363959, 2.1047106912461384, 1.9773191732177429, 1.9609636397659644]"
Andaman and Nicobar Islands,"['2020-03-29', '2020-03-30', '2020-03-31', '2020-04-01', '2020-04-02', '2020-04-03', '2020-04-04', '2020-04-05', '2020-04-06', '2020-04-07', '2020-04-08', '2020-04-09', '2020-04-10', '2020-04-11', '2020-04-12', '2020-04-13', '2020-04-14', '2020-04-15', '2020-04-16', '2020-04-17', '2020-04-18', '2020-04-19', '2020-04-20', '2020-04-21', '2020-04-22', '2020-04-23', '2020-04-24', '2020-04-25', '2020-04-26', '2020-04-27', '2020-04-28', '2020-04-29', '2020-04-30', '2020-05-01', '2020-05-02', '2020-05-03', '2020-05-04', '2020-05-05', '2020-05-06', '2020-05-07', '2020-05-08', '2020-05-09', '2020-05-10', '2020-05-11', '2020-05-12']","[2.438410362258904, 2.0033534773107551, 1.1369948709405717, 0.74353352806224704, 0.74994789712669352, 0.62946013923139144, 0.62946013923139144, 0.62946013923139144, 0.62946013923139144, 0.75604917915284031, 0.76185975505372761, 0.76739992182553651, 0.77268812961621414, 0.77774118714583151, 0.67021016104101416, 0.67021016104101416, 0.67021016104101416, 0.67021016104101416, 0.78257444030130663, 1.0000000000000011, 1.0970904292855086, 1.1785904130103972, 1.2439508208471604, 1.2222588128541689, 1.3356965141881436, 1.5330486752912913, 1.7082525853151351, 1.5633658125205652, 1.4583359426291194, 1.2778492557740539, 1.0983638279935235, 0.90353398532660611, 0.90353398532660611, 0.90353398532660611, 0.90353398532660611, 0.90353398532660611, 0.90353398532660611, 0.90353398532660611, 0.90353398532660611, 0.90353398532660611, 0.90353398532660611, 0.90353398532660611, 0.90353398532660611, 0.90353398532660611, 0.90353398532660611]"
Jharkhand,"['2020-04-04', '2020-04-05', '2020-04-06', '2020-04-07', '2020-04-08', '2020-04-09', '2020-04-10', '2020-04-11', '2020-04-12', '2020-04-13', '2020-04-14', '2020-04-15', '2020-04-16', '2020-04-17', '2020-04-18', '2020-04-19', '2020-04-20', '2020-04-21', '2020-04-23', '2020-04-24', '2020-04-25', '2020-04-26', '2020-04-27', '2020-04-28', '2020-04-29', '2020-04-30', '2020-05-01', '2020-05-02', '2020-05-03', '2020-05-04', '2020-05-05', '2020-05-06', '2020-05-07', '2020-05-08', '2020-05-09', '2020-05-10', '2020-05-11', '2020-05-12']","[3.0273255405408221, 2.6823611831060648, 2.2256122901649245, 3.6531412553108518, 2.7510121471655751, 2.647396005651212, 2.2975559774254242, 2.1897931854967521, 1.7881447210179173, 1.8394043631958017, 1.6148085556741747, 1.5983225187804455, 1.6144906816157694, 1.4639086672548314, 1.549332387892663, 1.5823749549818416, 1.5770808532305876, 1.5675018693219132, 1.5549838798601221, 1.5228640195978853, 1.6541980047940574, 1.8316060772375677, 1.671043349977424, 1.5743088739098325, 1.4794700389313395, 1.303698648651155, 1.1369948709405728, 1.1163884243467281, 1.096919334105243, 1.1469422949975034, 1.1600810694947927, 1.1639491141149549, 1.1595031583338773, 1.3354916675158472, 1.2527613958141561, 1.248326894105932, 1.2930440647694847, 1.3080122267980103]"
Assam,"['2020-04-04', '2020-04-05', '2020-04-06', '2020-04-07', '2020-04-08', '2020-04-09', '2020-04-10', '2020-04-11', '2020-04-12', '2020-04-13', '2020-04-14', '2020-04-15', '2020-04-16', '2020-04-17', '2020-04-18', '2020-04-19', '2020-04-20', '2020-04-21', '2020-04-22', '2020-04-23', '2020-04-24', '2020-04-25', '2020-04-26', '2020-04-27', '2020-04-28', '2020-04-29', '2020-04-30', '2020-05-01', '2020-05-02', '2020-05-03', '2020-05-04', '2020-05-05', '2020-05-06', '2020-05-07', '2020-05-08', '2020-05-09', '2020-05-10', '2020-05-11', '2020-05-12']","[1.6676569631226128, 1.0826465097560525, 0.41108482171808181, 0.044723816186453158, 0.025498304995926757, 0.057996985648316679, 0.088392216030227733, 0.17338009787308295, 0.15220347409948332, 0.22924660086370885, 0.25789997440863388, 0.3797367566501062, 0.32099229420469189, 0.34331998969456512, 0.27875195577726597, 0.29014869364806384, 0.21715469654230035, 0.21715469654230035, 0.25934903977162316, 0.2650890482567716, 0.27074061493718415, 0.27630577177544091, 0.36243339850520284, 0.33726672019008486, 0.49958270721508802, 0.52018005869128203, 0.57351209744052467, 0.52646024229190536, 0.54096225373438567, 0.42880905155078164, 0.43222650226568826, 0.46695132470870804, 0.74353352806224704, 1.7029348008997975, 1.8583346612490552, 1.6040302205736177, 1.4660573360441898, 1.1506268707766647, 0.92222049686771124]"
Rajasthan,"['2020-03-06', '2020-03-07', '2020-03-08', '2020-03-09', '2020-03-10', '2020-03-11', '2020-03-12', '2020-03-13', '2020-03-14', '2020-03-15', '2020-03-16', '2020-03-17', '2020-03-18', '2020-03-19', '2020-03-20', '2020-03-21', '2020-03-22', '2020-03-23', '2020-03-24', '2020-03-25', '2020-03-26', '2020-03-27', '2020-03-28', '2020-03-29', '2020-03-30', '2020-03-31', '2020-04-01', '2020-04-02', '2020-04-03', '2020-04-04', '2020-04-05', '2020-04-06', '2020-04-07', '2020-04-08', '2020-04-09', '2020-04-10', '2020-04-11', '2020-04-12', '2020-04-13', '2020-04-14', '2020-04-15', '2020-04-16', '2020-04-17', '2020-04-18', '2020-04-19', '2020-04-20', '2020-04-21', '2020-04-22', '2020-04-23', '2020-04-24', '2020-04-25', '2020-04-26', '2020-04-27', '2020-04-28', '2020-04-29', '2020-04-30', '2020-05-01', '2020-05-02', '2020-05-03', '2020-05-04', '2020-05-05', '2020-05-06', '2020-05-07', '2020-05-08', '2020-05-09', '2020-05-10', '2020-05-11', '2020-05-12']","[1.9462099981926417, 0.0, 0.0, 0.0, 0.0, 0.0, 0.0, 0.0, 0.0, 0.0, 0.0, 0.36624147180427991, 1.416908044695254, 1.3279864124290652, 1.7108724439027116, 1.7552012870643288, 1.6460586574000304, 1.3425997321837797, 1.4480607934484346, 1.2127980720939795, 1.405950773650066, 1.2992345800462619, 1.2724409264203489, 1.4213017180887002, 1.6574341012502327, 1.5920178777299134, 2.1157177565710485, 2.1233455231152356, 1.8103384994472844, 1.9837772201523587, 1.8102792966718584, 1.6196845061538074, 1.6222303607867943, 1.7841045419156856, 1.7139879754412835, 1.90219428305145, 1.8860322806359213, 1.7678311313733874, 1.7222052651522459, 1.5490340478999514, 1.4176297597914611, 1.3524766006855073, 1.3804309505867791, 1.3433238525385667, 1.3862305981385961, 1.4461066704733991, 1.3934731241091585, 1.3246875787998333, 1.2631809429630361, 1.2165412057158145, 1.1347558868934677, 1.0539467709220696, 1.1217075761281281, 1.1083208012434647, 1.2752116312657806, 1.1994397515896935, 1.2122761981564876, 1.2002402392348581, 1.2835535553320085, 1.2050749008932236, 1.2490695751051932, 1.2272929487268478, 1.2323923405797668, 1.1835294349019707, 1.1748045203286266, 1.1703553523470724, 1.1458206377012883, 1.1540456387865012]"
